bias_0-std_0,bias_0-std_0.5,bias_0-std_1,bias_0-std_2,bias_0-std_4,bias_0-std_8,bias_0.5-std_0,bias_0.5-std_0.5,bias_0.5-std_1,bias_0.5-std_2,bias_0.5-std_4,bias_0.5-std_8,bias_1-std_0,bias_1-std_0.5,bias_1-std_1,bias_1-std_2,bias_1-std_4,bias_1-std_8,bias_2-std_0,bias_2-std_0.5,bias_2-std_1,bias_2-std_2,bias_2-std_4,bias_2-std_8,bias_4-std_0,bias_4-std_0.5,bias_4-std_1,bias_4-std_2,bias_4-std_4,bias_4-std_8,bias_8-std_0,bias_8-std_0.5,bias_8-std_1,bias_8-std_2,bias_8-std_4,bias_8-std_8,y
-0.114415206372127,0.5666841603604484,-1.5196511393579277,0.9673937171713748,5.590371416001191,-10.828130977540157,0.385584793627873,0.12271658228583525,-0.7560131777430344,-1.8014019080112664,-2.5862281244293706,-2.38369432236215,0.885584793627873,-0.46812739653491364,1.382526170969799,-0.2848436298981617,5.351362544335961,6.123436022214447,1.885584793627873,2.0782058764542963,2.0965013179201595,0.8069532823625781,-1.692818342923629,-4.629563702641291,3.885584793627873,4.405283668335078,5.080770660804279,3.2884003896057843,1.8706816550702379,-12.75591119453034,7.885584793627873,8.412649988908202,8.237610915435303,7.359528096891514,-1.173296617412109,15.630140083758784,-0.114415206372127
-2.566304635306955,-3.233080153231255,-1.307909054984485,-2.5297718648238767,-0.5836012708407805,10.025690127230327,-2.066304635306955,-1.9677745887437375,-0.7947960545838286,-4.170529292300536,-5.938474673991379,-11.746460591841203,-1.5663046353069552,-1.8408529185001827,-1.6159009290313855,-4.195824203323477,3.2880573672640026,1.5073646945320265,-0.5663046353069552,-0.49595400167344694,-1.3202127655654945,0.08418376451855103,7.13515709227494,-11.288833526424312,1.4336953646930448,0.8597526114498972,0.6767132125060433,0.9657670630103139,1.6809596740586672,-0.28312195605705526,5.433695364693045,5.362819520164832,3.330834557666395,3.7256044757769287,-3.0105699929568983,6.906175987466789,-2.566304635306955
3.4386652864104543,3.4056879425131035,3.8282500036944613,4.502433845853903,8.407102238710372,-6.879154724128924,3.9386652864104543,3.408234117852199,4.843946424763185,4.532492546202353,-1.7103719965228907,13.090515025188541,4.438665286410455,4.023672355327411,4.158813988071976,6.26737282762879,4.197992940708007,-9.418071893250545,5.438665286410455,5.541907829267478,5.897734717295899,5.7169031713251295,10.500146950301138,2.9348409721323687,7.438665286410455,7.377747305431431,6.9114195540565735,11.102541549767288,8.617630991775725,13.761558622649115,11.438665286410455,11.046284711387935,12.791125171347971,10.579230016091985,1.265772328194188,4.841607398153489,3.4386652864104543
-2.5471757655663247,-1.7571379428620995,-3.2462506726176867,-2.335596691225957,-2.9400601918847555,-5.6758741679728955,-2.0471757655663247,-1.9708575662480556,-0.5959253815176282,-0.982515517625238,1.8166889235175856,-12.652102849070733,-1.5471757655663247,-0.6487901689794349,-1.1223091464813963,-0.3931045706770302,1.4653381908567185,-10.9369795308843,-0.5471757655663247,-0.4493223641752926,-0.40254860867643627,-1.7268281736518443,2.685404510896468,-6.728789529286081,1.4528242344336753,0.48793883587120845,1.6825309120290686,-1.1302626010755104,1.7950770013331732,2.2874684847228006,5.452824234433676,5.529327741287002,5.619042568073498,6.110257011013253,15.224342430099211,8.389341722376097,-2.5471757655663247
0.08121900224353482,-0.3280387294645316,0.19610081833919468,0.12671481441039145,7.444358695282507,3.015957718732589,0.5812190022435348,0.8282154685125773,-1.3878976930482891,1.2201833037472682,-4.843991240993883,9.528947661934259,1.0812190022435348,0.40490902230779857,1.1722410819182683,-0.9001393030597522,0.31166242416727874,1.4539886983032382,2.0812190022435346,2.032084572652901,-0.30824873219221804,0.7945231868749218,1.6836740321072443,25.558033864318137,4.081219002243535,3.970944582624301,4.647627984357097,3.536659035606973,2.1250487353062106,23.08423918544392,8.081219002243534,7.102026817308928,6.385292855758702,7.594712776529806,9.010862371457648,9.259566448825751,0.08121900224353482
3.163975704835441,3.870800713031672,2.992649638467602,-1.8877200676546777,2.909416265288086,-5.976650373417257,3.663975704835441,3.570952076850873,4.621446992340472,0.2801927013809573,2.1039488619659634,4.760256006919141,4.16397570483544,4.262941409247359,4.686832743577744,4.999667746721382,3.9847631723313204,12.104975057885165,5.16397570483544,4.254765287343542,5.979703952443614,7.299772545625521,8.971684306166699,8.73858250678381,7.16397570483544,7.722329649439844,7.617222861562471,3.1332849701553545,14.170432376970378,12.676404060537212,11.16397570483544,10.4670142422328,10.510695677859525,13.425065535557637,15.209239051020955,16.536502645306776,3.163975704835441
-2.2206701116975394,-2.1060979602695076,-1.3705255351505108,-1.2890056671798393,-3.884464833491525,-6.3698274184924,-1.7206701116975394,-1.669702417250694,-0.7261792682950694,1.862824227975815,0.6787630310117345,-9.245223527312781,-1.2206701116975394,-1.7672058253707852,-2.203125711409704,0.3454615641528438,-0.29366979365433377,-1.8299372299819854,-0.22067011169753936,-1.0537074931580888,-0.3180346347198779,-2.2769161458673497,5.456651084668868,-4.293344336209434,1.7793298883024606,2.3629069795612603,0.3083755497875602,1.2885096275954329,-0.8322226265550658,2.652553320071764,5.779329888302461,6.941576051820328,3.625186265596917,3.7481817828362525,5.76470708334369,6.922477144928904,-2.2206701116975394
-0.7552669772230696,-0.3142532579408718,-0.25628402974015907,0.5241287352902997,2.875273602238665,-1.7813453563475723,-0.25526697722306957,-0.009116038709552576,-1.5348869675453995,2.6682983030325076,-1.5187877969919197,2.7315047378402353,0.24473302277693043,-0.516130970713164,2.2416038811289187,-3.353334057845734,-6.865898191103616,2.9731543091738004,1.2447330227769304,1.539502416494151,2.830737851076095,-3.0766030474839443,-0.6482357529044929,-7.487603125005922,3.2447330227769307,2.7489367208024387,3.8956294886452305,2.31279981605012,1.769667541280693,-1.9539604860961843,7.244733022776931,7.227383094998019,7.353589337425136,9.624040174555542,13.612075384883752,10.780704065193845,-0.7552669772230696
-0.24712168149313637,0.21126497347997295,0.28624478017632904,2.009322970217436,0.605537933475104,-3.1527934384744496,0.2528783185068636,0.6025906827579298,-0.7982799345724328,0.1206585103171248,8.196255136227363,2.9355704748571116,0.7528783185068636,0.9328132635882632,0.4166926366101048,0.5018929118132011,1.6609097341358223,-12.65009441603638,1.7528783185068637,2.0901168984159777,3.0793952856165236,1.7800252961758896,10.501097859888208,18.67364401697568,3.7528783185068635,3.5327260601124926,3.2856372989121314,2.2206128679320463,3.707695750125862,-11.359629936115189,7.7528783185068635,8.217031391939535,7.607211855704367,6.268833502533506,11.536365362283183,5.852111938149627,-0.24712168149313637
-1.2462609041104618,-0.9085401756157472,-2.419942069517065,-3.1250985709196275,-2.2668968395849123,-22.995539755029885,-0.7462609041104618,-1.4498653338157137,-1.222711301778038,-0.6207503153350965,-0.47195714084276563,-2.9592687098207753,-0.24626090411046175,-0.2946581581151907,0.362242479888363,1.0449192104790075,-8.07658712831771,11.402726448303069,0.7537390958895382,0.47920437835550267,1.100880986016351,0.5457682906113017,-1.655314667011116,0.4276334617127684,2.7537390958895385,2.5090226337188826,2.737230950302849,3.0587521896025462,-2.075995918655157,6.712618480423443,6.7537390958895385,7.342652844633997,6.626421244785211,8.113079322282871,7.037059888657864,8.637452859526356,-1.2462609041104618
-2.191953723244014,-1.810202168612172,-2.3419196341554516,-3.482452564937441,-2.7343070296877046,6.603583931088698,-1.6919537232440138,-1.4794173505542765,-1.689652225777385,-1.5043195356239,-6.3848061619209195,13.94517078782876,-1.1919537232440138,-2.065818437767361,1.2279904744609036,-0.6919786604158518,-3.2422137599488754,3.8478303697997838,-0.19195372324401383,0.10496546172767118,-3.378529279925267,4.074370971535511,9.930989514495778,-12.413347144487467,1.8080462767559862,1.9057098875347442,1.3104773817211592,2.555436907630252,0.06345945464174463,3.0242566867597054,5.808046276755986,5.847010578475578,6.83789414527849,5.037618844495784,7.4566185512363905,2.349405730194553,-2.191953723244014
1.5122215716186178,1.0044153068428296,4.15280885378364,-0.46108129476343684,4.401505228595308,10.217241799726748,2.0122215716186176,2.8933285823885484,0.845628853017016,3.486253923332037,1.1361392985584335,1.3088488710455155,2.5122215716186176,2.9436185193433477,3.4821712040228316,0.7558646267250693,-1.4674283792597242,-7.52972251654691,3.5122215716186176,3.585323594385768,3.491733412673378,2.0195304661322737,6.30621864577063,18.149111464799745,5.512221571618618,5.764798893879955,6.600399792799665,7.797863489432727,9.35278174196098,-3.6880846475545237,9.512221571618618,8.847860346353858,7.535966545605782,8.873577402751334,10.452975700332727,10.249918501541094,1.5122215716186178
-2.802088236408147,-3.261340044580015,-2.76109463737338,-3.7846886939162285,4.107877433511083,4.11900933469366,-2.302088236408147,-1.7794729028409684,-1.8414048953592532,1.8013932045841972,-2.2144494272151287,-12.734271463287824,-1.8020882364081472,-1.5732775637672818,-2.854237017271495,-1.1118464093078486,0.5460641697256743,2.9476768199801424,-0.8020882364081472,-0.9833285069028024,-1.0431846951215749,-0.6892064437358147,-1.6269779315156687,5.175169205081605,1.1979117635918528,0.7057895933682459,0.14733845588946926,-1.6816787943459515,-5.2485535925773465,2.4981627660786665,5.197911763591852,5.153413242342616,6.319744321895433,7.809748386691181,4.109738968169161,2.000857182352681,-2.802088236408147
2.4796497816143734,2.876570136901416,2.450591760528155,3.3463123362914255,7.274623531893211,9.110941984909218,2.9796497816143734,2.8024273755739566,3.0812112179199405,7.01925812193161,9.725068260452161,-0.7718112891107931,3.4796497816143734,3.5468870642295407,2.324339878178151,2.5276740512205493,3.9761479051786393,9.361516258170383,4.479649781614373,4.413144528704249,5.203769276943189,7.559606624330183,2.379556597693931,17.05870900016067,6.479649781614373,6.973331915651038,3.9912222731554134,4.572763901240309,5.260265220394576,0.9528414590170025,10.479649781614373,10.16144794351106,9.848626750808357,8.517060200138136,12.758112450126596,16.364422191389735,2.4796497816143734
-0.3225876312006075,-0.3105677345608952,-0.8037952977604641,-4.130086272494589,-2.345978130413278,-11.095197044692037,0.17741236879939248,0.259361290032288,1.0862190169278108,1.2518106610830813,-3.3111364885374623,-3.8948152453297276,0.6774123687993925,0.9173251608252249,1.8720829642480112,0.67539125207488,-3.345940407090639,-0.07801565847636438,1.6774123687993925,2.179153213981481,1.0490409910404181,4.552763375500141,1.7494890414456183,-4.912561115875707,3.6774123687993923,3.7987262369277577,4.061781869513141,5.588687232309988,-0.9422189819354114,11.03385910450288,7.677412368799392,7.995191183325862,5.501025490539037,6.47343627734256,1.9622449783317866,6.468407133063578,-0.3225876312006075
-0.021417355661040333,-0.7007516334381292,0.30477070948771057,1.4992953316460875,-5.401665356237015,-1.6095161678478047,0.4785826443389597,1.175105956587147,-0.5580292334094944,1.254390909140723,-0.35575653517412853,-1.5645615317449895,0.9785826443389597,1.1854672049833994,0.14859279409606593,2.4472207544257714,0.11085910384562889,-2.056009561409153,1.9785826443389596,1.4870237583308414,3.021356933308266,2.663012119600976,9.739702203824049,2.364794942925363,3.97858264433896,4.202160398354075,3.490470492268185,4.2469407375924115,4.925391302490506,-3.4825459297613297,7.978582644338959,6.7422334834478574,6.667648224863437,6.250304907434865,5.791794441121856,20.78301341757229,-0.021417355661040333
2.048757168071616,1.6416514285220745,0.04495496663200038,3.9960768501030364,0.13151508941830725,-1.2586627940102595,2.548757168071616,2.198788576476613,1.3981789377229024,-0.8853729298735149,-0.6029663847961348,-0.767251400146685,3.048757168071616,3.0435172900836753,3.5479984750733373,3.128532937722232,5.131396210258819,-0.7950777151416699,4.0487571680716155,3.5779332856244688,3.9144999414847796,4.428407873467047,11.150936673921942,-10.325950170750977,6.0487571680716155,5.5959791006351445,5.465535473677642,8.464518074874647,9.405172431718807,16.018392594935982,10.048757168071615,10.576813938843285,10.927040807910515,9.78800205024997,16.800957809592838,1.1647213105256466,2.048757168071616
-0.9569184841965492,-0.8590290542929933,-0.7615160071677278,-0.5851277549308722,-1.1130005556362388,12.6427232066473,-0.45691848419654923,-0.5621397645131619,-0.8980369338271463,1.185683670930221,-4.0424558925293015,5.693487517310362,0.043081515803450765,0.1343511546791809,0.6860618849314213,1.8584205050870748,8.704632473692486,0.9592465577013332,1.0430815158034508,-0.5084963804978775,2.679152887990499,0.0716524160439147,0.027837626741326282,-8.695907317326872,3.0430815158034505,3.2090273938518967,3.3190904011833213,2.603122120154249,1.47078218270085,11.978176055875252,7.0430815158034505,6.658942839154239,6.505067622837493,3.4694491194602186,2.6219172999342995,-4.500974359289202,-0.9569184841965492
2.5284337335315956,2.379543276541319,3.168736109983923,-0.22668671318026368,5.554802299473726,4.257414944212334,3.0284337335315956,3.405718246406606,2.680704042326395,2.8400361378752836,9.342449054652342,9.117441123631469,3.5284337335315956,3.268587541253773,4.22879094695849,2.592518511281437,-0.807126615057514,8.301755547692414,4.528433733531596,4.199840557410411,4.302563371817796,3.8370541094531783,6.76826536463323,-6.52671335597492,6.528433733531596,7.484439022966965,5.331052857756887,9.071429089219489,18.0405366933179,0.653323235268608,10.528433733531596,11.341077466425512,9.894017804672249,8.080694773079525,15.017100536807444,2.679689480774941,2.5284337335315956
-1.4858362716796376,-1.1507033813671563,-2.1762164734184157,0.3169364338966463,-5.985364835999361,-4.082126150887966,-0.9858362716796376,-0.9502443609286301,-0.986496402359049,0.09317873965255274,1.066776838642322,20.272274213550855,-0.4858362716796376,-0.06307431921403661,0.2814745351480732,-1.1342577333381774,7.778209459777603,2.3783558471188213,0.5141637283203624,-0.1685145623671005,0.6410130593979908,-0.6141258306914026,0.5023909168373131,-7.269267497374384,2.514163728320362,2.4056368813890243,3.3499091737151137,-1.1140128615164946,0.2584975392534863,-7.7580379925026755,6.514163728320362,6.381533721588846,5.907803737494388,9.197721100123912,2.444416237262905,19.06219947544365,-1.4858362716796376
1.2435277282028845,0.3903787208549987,1.4496788903057587,1.2779002720737822,-4.394933688698551,4.493836889208957,1.7435277282028845,1.4610900402568876,2.164455719791632,2.2835314972561243,1.9937066436887656,5.708611618869147,2.2435277282028845,2.3770584294852095,3.9252955302093073,2.9931128177855992,1.1506372720228624,-9.269075005335687,3.2435277282028845,3.7545779881299626,4.190427889892593,4.595218177548353,4.228404250608606,-5.058028334350977,5.243527728202885,4.921266781277616,5.3808942076537605,7.444880283233406,5.0563393577424005,1.2539464873873127,9.243527728202885,9.580018604582037,10.03576297957751,7.417085984178248,10.504725473665976,-2.9150547097436434,1.2435277282028845
0.9083053501658239,1.9488403544562534,0.18651517670249795,-1.5616656032353462,-5.435232492176958,8.178522972695456,1.4083053501658238,0.7978303993199266,0.24356122562364624,-0.8900390068533203,-1.8975430918750034,-5.382205493451195,1.9083053501658238,2.170124129621098,1.1062421155897464,-0.4865879142298549,1.8419127887751952,9.766846892581107,2.908305350165824,2.6526026417871944,2.384966290454016,6.0047186943211335,3.0513087753305754,-0.9374860930389554,4.908305350165824,4.950272963968019,6.137841524636819,1.652904826580992,1.264049653929364,-5.30530599899274,8.908305350165824,8.966582332644995,9.319940717735799,8.07286276938833,12.489345940837472,4.328259360764547,0.9083053501658239
-0.3585868552182019,0.3124660105787488,-2.006810503981545,0.7816369412726327,-1.220990030851064,7.938626032308972,0.14141314478179812,0.1723394532989585,0.34679416842997624,2.1324622122367054,-0.82252827201064,5.3552028506180855,0.6414131447817981,1.1392785451124683,1.8012892255739277,0.312096161922933,-1.6410718610033932,-7.022895001424824,1.6414131447817981,1.5443502111573901,4.040835596046121,2.9194949954788605,-4.144523247881375,4.403340753211866,3.641413144781798,3.976120451454231,4.186020485596975,6.31040101798964,-2.0379235315178583,11.961646438087264,7.641413144781798,7.012516411521786,7.933805630702007,8.144307948098334,6.72253052042622,5.796003482610803,-0.3585868552182019
4.443837275917289,4.744628818286826,4.324214054321409,7.377959320667717,0.7795075076117057,0.5268518077292872,4.943837275917289,4.548328413963528,3.6822637227366983,4.679721158110046,5.158585934205148,8.956539916952746,5.443837275917289,5.207404024966367,6.333612420492871,6.392181407156032,1.7562515524401068,15.085509293412537,6.443837275917289,6.783831515153297,6.976481925554792,7.190825798364161,7.994556303196903,7.268934920505861,8.44383727591729,8.369793055630044,8.311461828763548,7.783901468741122,13.313140277027038,0.6591033112518279,12.44383727591729,12.516221733609218,11.635734761937771,12.537817743361728,11.003342387976279,20.660304392497835,4.443837275917289
-0.8483695092904701,-1.20294694910084,0.020285213585566453,-0.00148802922610336,4.451389199474166,-5.132955311238001,-0.34836950929047006,-0.08391784624354937,-0.6615828238905812,-1.9975086994707025,-1.648615803433648,3.8557535859156733,0.15163049070952994,1.0099046003803616,-0.6031918329843935,1.038379075950926,3.5202797908176473,4.027409090439003,1.1516304907095298,1.807525393045966,2.3525837173260413,0.8643182276479956,3.924755791849827,-1.7781238594185225,3.15163049070953,2.831861025967013,4.877510257937366,3.352616493223122,3.457459864357814,-3.2677273445638244,7.15163049070953,6.6689823956504215,6.9142395104656345,8.902335540193956,9.02106156024539,9.383752618937615,-0.8483695092904701
-0.4387339106763865,-0.827379939572209,1.3685495791214128,0.20432897925785104,-3.162990947862893,-5.345598214433195,0.06126608932361349,-0.23594448601906176,1.1827210470763088,2.5895186561045027,8.667963255517858,10.795049594239757,0.5612660893236134,0.7067900515400833,-0.006179248890329225,1.6937588012518632,-4.239020999327246,1.617957201105803,1.5612660893236134,1.2886017854209313,2.992572706337539,2.1911418519287635,-1.5141418164213911,10.744655251857841,3.5612660893236137,4.976936468403467,3.7017654972815426,0.16608341848716518,5.927045542306865,5.420765844011068,7.561266089323613,7.541232426648392,7.797082436023983,8.355562480350866,7.704254389782509,15.879584104426744,-0.4387339106763865
1.923512750128593,1.205457497017606,0.7287541014326238,2.371600265270841,-1.2284704444883208,5.880820913252894,2.4235127501285927,2.460861972207619,3.6849364521014767,4.888329121189462,-2.228151627093556,-5.53743630633391,2.9235127501285927,2.984930044410335,4.771031972902139,2.7925963884587137,-3.3043139588146015,10.289232344181555,3.9235127501285927,4.414418483479935,2.65173186164395,4.611007092230306,3.4693355503208583,3.5451282616778332,5.923512750128593,5.520053463814039,4.0692330803373835,6.073090777167562,5.278235578876186,15.095380904359834,9.923512750128593,10.313646482092178,9.498722573927289,8.083064079644151,11.302908647790293,8.924219562338676,1.923512750128593
-3.249615629468097,-3.648672053820072,-2.1017489871284587,-2.199396873514802,9.346934224415886,-0.9304646180221177,-2.749615629468097,-2.5303914109106387,-1.8760508070536313,-3.2552713985819937,2.412193117855755,-2.4375377877529685,-2.249615629468097,-1.8308522375700893,-1.701558370885556,-1.531170686789571,-3.831480851840061,-0.4415618336858329,-1.2496156294680971,-1.3805561711565477,-2.2338421983907084,2.1548560852213305,-2.657615794392436,7.347233383892696,0.7503843705319029,0.9202783487125674,1.9551083000367586,2.006137651999316,-3.2894344838064877,-3.4188726840604144,4.750384370531902,4.200698783929123,3.8965652407415923,4.240647150278678,3.7438431925148863,6.5496597821789795,-3.249615629468097
2.4859917666078584,2.355929292244824,1.9998164450170581,2.860171804491672,-1.988948808796879,15.054781645509996,2.9859917666078584,2.391566751046955,2.490907931390686,1.3741367837603933,4.055219693064312,3.482604630897801,3.4859917666078584,3.731610471253355,2.177151992093911,7.051209170124439,3.2446149606863743,7.893332302246194,4.485991766607858,5.246346549672363,5.337800755715232,3.026805818081522,5.811165470815936,8.849069682965016,6.485991766607858,7.284523989108826,6.426798253302362,9.143152733758274,2.740785939627976,7.892149987239815,10.485991766607858,10.253964382000657,10.892569583149674,12.192482921672205,13.063747538148052,6.143340726713385,2.4859917666078584
1.7819321243659594,2.207378232034425,2.6715960733036783,-0.7603510582375621,-1.4646710527800428,-6.023977520304876,2.2819321243659596,1.9822181752926744,-0.15481902312135243,2.5280414293465006,4.949267558731007,10.015672561907955,2.7819321243659596,2.5693169333760837,3.5040191656773407,3.8475397134509413,8.847310439192023,-7.940439599911163,3.7819321243659596,3.8042553146925595,3.4477816477178105,3.7561237865362673,5.463758303775854,11.596574947339857,5.78193212436596,5.353801220740487,5.0562317573408215,9.230636692185783,5.28329797547695,1.171400426715367,9.781932124365959,9.75318556897419,10.84060922351344,11.319014365662898,10.13984912757459,9.85208160184003,1.7819321243659594
0.6729352790105398,0.6730198376343299,1.9681252446816386,0.9662197606875393,-2.328175816449518,7.703428727128374,1.1729352790105398,1.2946725377938209,-0.8133287686101824,1.8232405403039889,-3.9516067480937114,8.175388999217077,1.6729352790105398,1.0278893590632419,0.533969803523382,0.7934968502084047,-2.6715654919038885,11.99084494353359,2.67293527901054,2.1765047112034073,3.2533782149982313,-1.0258066874255607,5.2529240474263075,1.8308032810519546,4.67293527901054,4.751463387220677,4.156493885573666,6.884594210855227,8.163131040087785,-2.73136023033664,8.67293527901054,8.474764888773723,7.33524230864149,6.169810232134109,5.5955882349755495,6.433142074851296,0.6729352790105398
-1.7880455392742942,-1.9471641098839894,-3.663944252429367,-4.641365849672588,-4.973093003849025,5.209925606783759,-1.2880455392742942,-0.8161581816676029,-2.1833161599911257,-0.9036228636689538,-7.257579704080191,3.337852446784165,-0.7880455392742942,-0.8556005741784672,-2.616486604115413,-1.2558266034900574,1.341616192089422,15.262519260089443,0.21195446072570578,-0.5943846403340027,1.6384012008050186,-1.7397191837216932,-0.9021056870066695,-6.965272670227773,2.211954460725706,1.55909263759681,1.467224455901518,0.8815796357539118,-5.964137253935228,4.384858086618048,6.211954460725706,6.892897610401879,6.062577092177569,5.583155174339571,7.603995594578129,4.196306128803189,-1.7880455392742942
-0.6009111500643456,-0.015629961653306546,0.5174931230066959,-1.1744123996652767,3.080283690670716,6.801900845986516,-0.10091115006434559,-0.3208995539946664,-1.0694796434418863,3.868726708578759,9.559332395567674,-2.426354550323003,0.3990888499356544,0.3582309928579359,1.9205050641105068,-0.5577578228997163,4.1007639100664415,-4.038787015025454,1.3990888499356544,1.3093811557806478,2.5132584761303765,2.5621754689909793,1.900781269950013,-5.486542364976993,3.399088849935654,3.142052492694865,3.152885814807652,2.5867665896224423,-0.05860915344600737,0.3889878987468458,7.399088849935654,7.1059960481217255,6.696651027604613,7.974767325753819,12.679468934682255,10.339333155005583,-0.6009111500643456
-0.4474387902719809,0.09875756714406686,-0.4771338443721749,-2.116514325672741,-7.038283034018524,-3.1893432901190475,0.05256120972801909,-0.17896726973876415,-0.7102914281387089,-0.6505668037950356,5.17194626863581,-9.720626317833382,0.552561209728019,1.2560410067143437,0.9719098004251951,0.807918705534775,0.9595075701007236,-2.923908712366384,1.552561209728019,1.4901169427235934,0.7775949743594941,2.1277084973489497,0.2516844425793639,2.978823032335788,3.5525612097280193,2.980695867230139,3.604367934025064,3.846872812680243,10.196039929609775,1.5919067400576516,7.552561209728019,7.412782788308355,8.548750614994107,8.282634771141321,6.634906320955525,12.211580633433137,-0.4474387902719809
-0.6689997401134261,-0.7320170914548866,-1.3140853965318495,-3.5466359607334423,-3.2181195696734815,0.21277679920652115,-0.1689997401134261,-1.695925058284283,0.8264816942802388,0.7479578133004906,5.429822983100003,3.9448793531556072,0.3310002598865739,-0.01745360344444935,1.473312868623906,-1.1814949744119305,-1.2179183026295828,9.243711348789992,1.331000259886574,0.857200776139201,3.1490218187078143,-1.0638716213989214,-1.5479254241771812,8.894819439750245,3.331000259886574,2.5929748943726048,3.8112776758569415,2.471728026511471,4.10338331067624,-3.8701794079753835,7.331000259886574,6.223744947014131,7.093193673630834,4.767416262829485,5.802597197385445,1.201025463615391,-0.6689997401134261
2.9342386404726724,2.3643748970037146,2.4531257602292733,4.158047152102608,-2.1057336748394495,10.737547649591075,3.4342386404726724,3.4408800209758477,3.3130718453084245,2.2107134973286895,8.691308651029855,5.817562060081906,3.9342386404726724,3.787375678658721,4.799441127039604,4.19232840629002,2.927936183598903,10.961055863339565,4.934238640472673,5.161143784337726,4.179740566172457,4.8935312937607565,3.190400178714034,2.7536821710172292,6.934238640472673,7.242133118523576,8.472843779147466,5.978788710457012,1.9434147185328787,14.573205052566314,10.934238640472673,11.070586410892966,11.788764674321731,6.609376724151012,10.547180191400196,7.882612582307171,2.9342386404726724
-2.098801526034164,-1.0878611243407208,-1.4319618755832098,-1.879438412740662,1.8789378538710277,12.447993206776433,-1.5988015260341641,-1.9197015101069024,-0.9809348814408658,-4.67356333272431,-2.522773311079675,-2.3536331670417,-1.0988015260341641,-1.865923136279436,-1.5998392987324608,-2.600745709073412,1.9790689587057275,-11.564072926211717,-0.09880152603416414,0.35414847771878266,1.2402107516181453,-2.29966784478256,4.547510091941714,-5.010088991380506,1.9011984739658359,2.3582420121236436,1.4975744529216257,3.1088511383926227,-0.6661443278035053,10.256560312023952,5.901198473965836,6.055443931768927,5.897377452287923,7.029556353827864,13.031202849576049,-7.776261003571566,-2.098801526034164
0.509862039793298,0.04710180502820294,-0.34887586933909065,-3.3612386468481037,-4.469449473171714,-4.207950496126337,1.009862039793298,0.6398660041175983,0.20566693296385208,-1.1822854718612614,4.095973318029333,21.400538190428467,1.509862039793298,1.812281670561167,0.815165540161099,4.062706804690211,1.5004260209423674,-15.24490654074257,2.509862039793298,2.5713308781750417,2.2986586338186368,3.2652875664741248,11.720918628077126,9.030311492869487,4.509862039793298,3.9082297809798185,4.5014899556411265,0.17786182347134227,4.706357934000701,-7.68712611206227,8.509862039793298,7.799234248604289,9.471591103547933,9.192076532369802,11.087022877730645,3.8564369123340048,0.509862039793298
1.251368224951363,1.957813177725837,3.342657567490872,2.4860428923312528,-1.4883239552723515,-2.828883047710285,1.751368224951363,3.2052377029593457,2.767801084521396,1.0607896376476909,1.7425437321921562,-1.7265092224804117,2.2513682249513627,2.166530549479936,1.389026014618335,2.0215222931724814,-0.43331346429099793,-1.706591388918863,3.2513682249513627,3.875024672329931,1.8115140717258713,2.443893249850488,0.15942049503774025,3.5588606518518047,5.251368224951363,4.981452244497263,6.655723639906274,1.1051839345267152,1.4986462909579072,9.496665940801678,9.251368224951364,8.375044621088879,8.927775889561811,8.380839097040873,11.93622934191174,12.277350075470412,1.251368224951363
0.16094501892224874,0.10748178729596444,-0.03326675242323329,0.8431869354084642,-3.214674421944891,9.200050046027647,0.6609450189222488,0.9380757655386933,-0.1780814622924687,-1.7092404372487564,-5.728712798032858,-7.377845869610033,1.1609450189222488,1.453615515125056,1.398285538415237,-1.5747413599751938,-3.6736907645355394,-8.19277148482261,2.1609450189222486,2.5941283039813925,1.7510627551781688,3.6904560571720646,5.289901803942444,4.072380619135798,4.1609450189222486,5.248149406093337,4.712189609593919,4.6408229640573975,4.827158295483912,13.527472485595949,8.160945018922249,8.690549350004948,7.738275879668916,9.32656593528653,4.036885853261348,5.625262006438543,0.16094501892224874
0.34184036120129324,0.19694861200075683,0.8663613370556279,3.0555558133593888,-0.3625679510887153,-1.377216735896259,0.8418403612012932,1.5572440800841103,0.7864176940884449,3.824579596401687,-1.2560025210409647,17.38378588307158,1.3418403612012932,0.7390243262339824,1.439158403218291,5.05718774298703,-2.9596039095189877,5.16672369752053,2.3418403612012932,2.163113476213475,2.321051862507467,2.9728004518194795,10.029932459765774,2.3374048758198076,4.341840361201293,4.280934952649092,3.5768819118622845,2.5847251470246277,7.147806645383198,12.577679946254676,8.341840361201292,7.241419870996505,8.736690285539222,8.380456937162595,13.419908016465861,20.465183841724368,0.34184036120129324
-0.12403721075649145,-0.19655010125966593,1.3311899618828231,-0.8165600999837359,2.084391185798725,0.5874819161283602,0.37596278924350857,0.2132907317853724,-1.3290662763938064,0.6669613268348332,1.1031353848389394,4.2821841039492545,0.8759627892435086,1.5782616370289888,0.7849182239656366,-0.23409684912698425,1.01423730782938,14.078799621251413,1.8759627892435085,2.0023688705567855,3.10956511380501,3.969978872831035,2.691193449487407,5.07922706100478,3.8759627892435087,3.8686676365332855,3.3984620098894123,3.4184849461148663,8.862866013498508,6.271316960639409,7.875962789243508,6.686653897265271,7.9593354217603265,8.655850187153037,9.31847223863346,13.40418689077714,-0.12403721075649145
-1.0912765409151128,-1.0972510053349247,0.24605991547991724,-1.6331051561663799,-1.5259223936656567,-9.401874782880514,-0.5912765409151128,-0.8743418957058009,-0.5692270085932085,0.6083313322780379,-4.574351713066488,-0.5760407468938642,-0.09127654091511284,-0.23013032529291777,0.14348510588549357,-0.06280192237314908,-0.8081630440672062,-7.042021599792287,0.9087234590848872,1.0062605857974853,0.7948396160371449,0.8857662056643865,-0.7283506646684677,4.255430515449509,2.908723459084887,2.6356691450776695,4.049463065224378,4.867426218080588,0.010398110105212854,-5.38339391271192,6.908723459084888,7.132054721102845,7.853827418621778,8.423776102757465,-1.793235237788116,8.66513515706044,-1.0912765409151128
-1.7535332136996862,-2.39833433518267,-2.3664266276464843,-4.080500569224694,-0.26713420229146756,5.47525149554896,-1.2535332136996862,-1.1988975119413312,-0.29988650463360966,1.3848592851944186,-3.655057322494116,-5.350360560877013,-0.7535332136996862,-1.0160180066500286,-1.4567287683483299,0.5311260327273211,0.03455244499301391,5.317287722193964,0.24646678630031382,0.2604479565321862,2.038442667022786,-1.2271956135467972,-2.69438017917404,6.756984986055878,2.2464667863003136,2.8391973237588575,3.053907537232849,-0.5561243421331572,2.5320088545599084,-10.552616599403029,6.246466786300314,6.739805303502136,6.578639194545717,10.34774460043919,12.384317865881425,-0.08103237854722045,-1.7535332136996862
2.9928675736101824,3.234725606584821,2.106480175141325,4.474039442401856,2.886912364854893,10.65068094015196,3.4928675736101824,3.058719876445341,3.81797897314315,4.949920717997294,5.447939798360035,8.372840905335472,3.9928675736101824,3.650930951417189,2.525241049165718,3.4943799911467104,-1.7337602462126074,11.344766108758838,4.992867573610182,4.9357903729899615,4.941900169197469,3.236727846637762,3.849634901871271,-0.5636565229199726,6.992867573610182,7.112292863401155,8.501458139438022,5.073884516807974,13.468909620397778,-3.3815423373101736,10.992867573610182,10.7516604685397,11.21782987433122,8.637047289731887,13.946231874916348,-1.6008247830769764,2.9928675736101824
1.9537831398497745,1.6476880633083268,2.141240690753596,0.09613498746640636,4.6397328158777675,-2.1499648159436116,2.4537831398497745,2.375700010956884,3.698072219899066,-0.6933002651273545,-2.8054363592430307,-3.8050383435530706,2.9537831398497745,2.760779421252815,1.8372439860338934,2.5288050451957003,4.246344486974522,0.5906687795747656,3.9537831398497745,3.370332645627742,3.3250965237170487,0.9935001916987254,2.867273731677165,8.446825507034644,5.953783139849774,6.4800167648131985,5.78560476458161,2.8210366174850745,3.552939312931432,12.137334376453355,9.953783139849774,9.870050248764935,9.846457901910258,7.635981217996687,15.90012217373159,4.160225152290421,1.9537831398497745
-2.1094292508630237,-2.27288149615,-2.9827004208668093,-3.322957506404525,-3.9963338365650034,-3.645677258821538,-1.6094292508630237,-1.7401434285110926,-2.3530659473190605,0.6862708611016393,1.095135643659951,-9.347458640506513,-1.1094292508630237,-2.149702971502448,-1.0335201258881712,-1.9165422976859041,-3.502381244137691,2.0918910920819385,-0.10942925086302369,0.7115925186000234,-1.7765229027793628,0.41297054532095334,0.3744000566726218,-4.789366244184684,1.8905707491369763,1.9530751714955445,1.0080133188440286,0.6381145299105992,3.1382867686466347,2.323516912917706,5.890570749136977,5.9971471437276325,6.056913783213703,6.228175997109158,7.801557538011899,4.706919579582307,-2.1094292508630237
-1.3477135201036583,-1.7415251698559808,-2.4306331597704407,-2.1485389562706523,1.822391320776737,-4.107408443824307,-0.8477135201036583,-0.5658978351124605,-0.9081841574513847,0.8064976597721574,-1.2186376087999409,4.208732610142147,-0.3477135201036583,0.1280076802678669,-1.0991016036488288,0.10126788673443254,4.2426424511943015,-1.0882186811167718,0.6522864798963417,0.17193051080842658,0.7780321326350019,-0.8427050105868701,-0.2722586308107531,8.751336232636225,2.6522864798963415,2.9635344067934843,3.0504589309163626,3.9614953338008085,6.655683383250631,-0.2677513153951716,6.6522864798963415,6.6055176030734675,6.4795709815721665,6.051424265233448,4.170596273979391,14.024500308281263,-1.3477135201036583
5.438140857246707,5.391526233279401,4.711268174577233,5.10130762550237,4.742262558273028,13.333218333283472,5.938140857246707,6.0522279300902415,5.929610157268648,4.8233533758842055,6.402977084613537,-6.04181864337336,6.438140857246707,6.354824191881371,7.900218845714095,7.1075573277098885,7.323760020034904,13.644737233151332,7.438140857246707,6.932345330418601,8.999819877302718,11.02052308815492,7.738705708892266,-8.804774391575432,9.438140857246708,10.020939419392505,7.394237446210088,12.5245311750203,10.302004749990086,1.675247052042394,13.438140857246708,12.766555959225219,12.4251262104187,12.637598436855114,9.552861233405626,6.516423581938629,5.438140857246707
-2.073985321958853,-2.3252789113616648,-3.0956904106104988,0.3708184779592627,-6.546272538572789,-6.676301812058526,-1.5739853219588529,-0.7726284908444014,-2.628478897718578,-1.320701525866402,-0.8411119217722209,7.0055234151827435,-1.0739853219588529,-1.73780256313241,-0.3717465193929157,-3.580752751851033,-7.315991225693523,-3.5833818232465826,-0.07398532195885288,0.42599670612453444,0.2785791240650992,1.5713828539264183,4.105908618449512,-0.09447434229048457,1.9260146780411471,2.4117860234262167,0.34506579210817634,-0.7309206137035917,2.2307445087935998,-1.360969074371774,5.926014678041147,5.696947003349266,4.993220386269825,8.769453108469788,5.289336225692921,22.236574952062824,-2.073985321958853
0.4015731540912557,0.7618334792482073,2.4844123427916127,0.6534993179722536,0.878739459910908,0.33125243954724964,0.9015731540912557,1.4432143051201671,0.18428969318291222,2.2573009497904724,3.5590890762068144,5.188296275881612,1.4015731540912557,1.7018769235936717,0.5991367946617404,0.928571725513634,0.18599282635181824,-2.4281805307803954,2.4015731540912557,2.119175591934034,2.1432990003210275,4.0214970943789226,-1.607048972206098,9.563871686252924,4.401573154091256,4.133377360652803,4.46827196381286,4.249698437207399,7.061964390979975,3.5498655855614647,8.401573154091256,8.894992844624705,8.313012734224209,7.639733497488281,11.755016419354758,4.738410582264594,0.4015731540912557
-0.8606082236902103,-1.7201798760897569,-0.7715887723549228,0.06818061954710875,-0.4101514592023841,3.9058197426323424,-0.3606082236902103,-0.926819404712745,0.8334203904952869,1.0657840631420865,-4.137521213745102,4.058671054807281,0.13939177630978972,-0.20995409095731887,1.3678905578139275,1.6532749807053855,-6.484481867427666,18.188105593074756,1.1393917763097896,1.0408229131275943,1.712563082886399,-2.22192565095775,-1.192189854797952,-0.5104497342162883,3.1393917763097896,3.353868780639303,4.337151900052839,2.0041231027304764,1.7017792792309816,-5.827710036935109,7.13939177630979,7.33195128223692,5.60290559719598,5.7693579628011715,12.957983583971345,1.6165610481466004,-0.8606082236902103
-1.5460072515449454,-2.372147595847706,-1.670917588803691,-4.194749603357359,-7.015538620317392,2.4252193884278084,-1.0460072515449454,-0.5219801690568022,-1.475489403674726,-3.292173086684161,-5.601896790444778,-15.383772858379833,-0.5460072515449454,-1.1788956546826013,-1.4355591593943038,-0.19955131317893016,2.8363237036612947,-4.768752688998787,0.45399274845505455,0.7942034336907737,0.7109561048809605,0.6272132774151029,1.4544412735668624,6.427530294873002,2.4539927484550548,2.3648079449307158,2.8785121934285858,-0.5621338713672446,3.950803686097558,-0.2910791991987487,6.453992748455055,6.7663888596184565,6.239832283677643,5.9142612714655485,11.114199596285427,5.475787248346666,-1.5460072515449454
3.26238586585365,3.510980548960832,2.8146435376921395,2.488253894369975,6.130023420425784,-1.3957948851959294,3.76238586585365,4.685643530146771,3.4857829412642656,4.910881800304063,5.577102707950493,22.721644286198988,4.26238586585365,4.428627239692956,3.3260633811943556,3.434060156358916,3.6022949352952307,0.6899186597881584,5.26238586585365,5.219861061189838,3.970748725643722,6.175209118171925,5.317140897132178,-7.544609367299934,7.26238586585365,6.604002824881846,5.550726706301167,5.721321563263123,8.349922080232332,0.9749034423536491,11.26238586585365,11.626615489794613,11.08262741373918,8.760977750834204,10.260841453311624,6.881297221168378,3.26238586585365
-1.4214301119129173,-1.9607101801803453,-2.218369463324515,-1.1774259883143978,6.348548470707091,-10.298368317474296,-0.9214301119129173,-0.9335736688646241,-1.955531810949693,-1.5425310465052733,-3.4581104667609486,-0.08719071757613261,-0.42143011191291735,0.044085661734076576,-0.9577734105362073,0.7054667592831965,-2.0635046231644596,6.8240913747814975,0.5785698880870827,1.1439780027341697,0.7294329502997463,-0.9980446193253831,1.2469488364374437,6.8793223129898475,2.578569888087083,3.6927264556791126,3.887326973449709,3.602906901070086,3.9223941765211823,-9.788847478835136,6.578569888087083,7.378352881733795,5.891158529221168,5.020092756508807,4.638794118734549,8.3339251164538,-1.4214301119129173
-0.177798937552632,0.44946838536132216,0.08971521040173483,1.3832833379365725,2.4876551832259755,-10.104828470994022,0.322201062447368,0.6833405829567881,0.7004297890754959,-1.8125535755024789,4.4851414589779255,-4.362958907952942,0.822201062447368,1.8957322069249596,0.13111325472775467,0.22897126845319757,-0.3051296946150154,2.5494653868402217,1.822201062447368,2.1374427938650706,0.8464095810936955,0.90137059429032,7.811662552155361,23.16262070326595,3.822201062447368,3.7316270475791073,6.5520147441092025,3.720871308461211,-0.5502253266234404,3.4312711993158334,7.822201062447368,8.089125817755578,7.794267960745131,6.702070197076926,10.286615455872276,11.793807455067002,-0.177798937552632
1.1226503072557643,2.005316114560438,2.466650379744239,3.3957374278690065,-5.624118557323919,-14.083496561599471,1.6226503072557643,1.7200134160012714,2.1344027307825044,3.1061192758434752,7.629768329778787,14.832331557814047,2.122650307255764,2.7648319022634293,4.8388178012061145,4.085444164019047,-0.21968138167923823,1.463974415301975,3.122650307255764,3.2677219856245925,3.1678263270835982,5.515154444270236,8.391843851222887,15.13445682572256,5.122650307255764,5.548550447773648,5.262926171923962,6.918011127958891,4.4808041909223,-0.02566458465894672,9.122650307255764,9.45343884079494,9.40426497211135,6.14289466347458,10.482213533020515,14.405904157208177,1.1226503072557643
-4.958763863856711,-5.898051994641083,-4.32720314217442,-11.549141463662352,-5.979400995798636,-6.383741051184641,-4.458763863856711,-3.511797569586659,-4.320626856237395,-4.768649563649007,-8.780669835108803,-12.593136787065685,-3.958763863856711,-3.1679125012774536,-3.8445666356626966,-5.454703345722814,-10.391976679198692,-2.729475580420023,-2.958763863856711,-2.586754702343625,-4.411372645749653,1.5448181950245292,-6.585695988697875,-3.9850358646725974,-0.9587638638567109,-0.6913149858862635,0.3574224493574176,-3.568125835507832,-0.6721062595610432,7.105016356128126,3.041236136143289,4.016955806709714,2.49088824936861,3.3137988050909657,-0.3036974262484682,6.018787683927298,-4.958763863856711
1.4145313739187102,1.9385363768714958,0.9001890863135624,-0.691875846874096,6.59948156867729,2.3958702458590935,1.9145313739187102,1.7418113136406208,2.4900671060563475,4.998480013895846,2.520909728162886,2.010229852477319,2.4145313739187104,2.6799398579487987,1.709960723041565,-1.178224543991749,8.656908250553546,3.126029593956045,3.4145313739187104,2.3331638860016835,2.6441497827774683,3.461515299486715,5.596055271111697,3.847055496054776,5.41453137391871,5.430431250367557,6.168383972623881,5.467252649847165,5.356113406867072,3.920694178458093,9.41453137391871,10.123661297724416,8.780099280312287,13.638043234008219,8.46000640098867,24.605655951460708,1.4145313739187102
-0.2390257269069331,0.02802508170931914,-2.386516511005474,-1.1741343158022772,3.997990812491516,-5.269007684807747,0.26097427309306687,-0.8364472492557926,-0.39186468674249575,2.5496030371539,-4.933652873195363,2.91667753187564,0.7609742730930669,1.7051844542050625,0.6744500045614219,0.24536405826784938,-0.1491051371819415,-6.108949424544114,1.7609742730930669,1.1850622701485358,2.464973661728555,0.5305971087621346,-5.4564484132198485,-1.5315610645247268,3.760974273093067,3.7947466922764437,4.057890092606575,2.00371840519593,-2.060510944436666,3.681853392108478,7.760974273093067,9.288014466683856,7.684286349421639,9.42252960409408,6.858488853714403,-2.117020172892993,-0.2390257269069331
-1.1484237567526914,-1.1806732063582435,-1.626286775748538,0.12829822832481885,-3.380483266591466,-16.542390020390794,-0.6484237567526914,-0.6897773492792949,-2.6519057028545747,1.0410965124204146,-3.5483372538908986,-0.422375721184747,-0.14842375675269137,0.24858628860275167,0.4618885197595346,-1.3823210916267652,3.4372954509865417,4.201126254517643,0.8515762432473086,0.682289193393923,0.21855598943111376,-2.4748329547196337,2.5241043343428866,3.883020072631329,2.8515762432473086,2.9169807154001233,3.0310518331282617,5.174234265950448,9.845032373704008,5.791901615828895,6.851576243247308,6.902332044397401,7.1426905670583825,4.104163205575071,16.398558556382127,16.88569866799457,-1.1484237567526914
0.8096975092429647,0.25977231654438515,2.319126876384488,1.3755120006774415,-6.096087558838486,8.852110129168466,1.3096975092429646,2.104212222704682,1.279764558994666,5.711059721421753,-11.166699372619794,3.0282445139191485,1.8096975092429646,1.3589908060023093,1.2756131010922414,2.53518288516133,0.38159182335719366,-1.088737685156938,2.8096975092429646,3.0376630341491606,3.3101995654159735,-1.2376604458800116,2.2624207147066477,5.170321080809134,4.809697509242965,4.911428325485745,5.737874077822369,4.243915702766505,3.0899531330311993,11.238222926994839,8.809697509242964,9.694382782738634,9.395432260707278,4.543324176875942,16.97634263116081,2.53498781168071,0.8096975092429647
-3.58393827528149,-3.071905947718428,-3.3918309894403222,-6.582641107426213,-8.255614057358523,-13.421405926605702,-3.08393827528149,-3.15946452971854,-3.8444604240353133,-5.397347308380349,-3.3886469615402564,-5.953030430042401,-2.58393827528149,-2.027438992347506,-0.8481396858603167,-0.11324823278973817,-0.6623620255656721,-4.835973300715219,-1.58393827528149,-1.088064606280438,-3.118760554935719,-5.7008200529529,-6.663457468015021,-14.908221136869305,0.4160617247185101,0.09453212323000582,1.3481557905914894,1.4449955015327927,2.8696158694619935,5.9276002524918,4.41606172471851,4.50722753259304,4.946399393648182,4.363345699390109,-2.206738956207964,-9.8034274832083,-3.58393827528149
0.9874770484978554,1.5345973299398985,-0.20712282924472847,2.4697269818435337,5.182817840684739,1.3447536143947076,1.4874770484978554,0.8537681232893464,2.8065027019453996,1.5467762416793793,-1.8644364759593277,12.157512639789218,1.9874770484978554,2.8175431619576425,2.515639064489645,-0.23500391373157004,9.819577704632009,10.793771567687564,2.9874770484978557,3.644242657608123,2.935651270781692,3.229745354229072,0.9442808052010718,-3.4936621883056853,4.987477048497856,5.199938440381175,7.297531676469122,7.81089104460872,0.9392223750472108,4.27361663042396,8.987477048497855,8.6276802327132,9.41725700666192,6.567101506891409,7.080044589860631,13.437969766002595,0.9874770484978554
-2.7882416712522873,-2.8758824891209107,-3.727992007277198,-0.621762764260132,-2.8805426287646356,-2.966685491259503,-2.2882416712522873,-2.395010467106984,-1.4322690933491322,-3.0013468455584,-3.8639226463288483,-4.485039991154204,-1.7882416712522873,-2.7383420334022244,-1.215601725928558,0.3334260361428649,-3.5658546787200494,-10.799453044468462,-0.7882416712522873,-1.1601567028124418,0.1649800507158674,-1.4219742946054237,-9.681315614046252,1.667979230634296,1.2117583287477127,1.284422629222894,-0.40509982237803444,2.2646516560221746,-4.4892402845211095,4.124757060048497,5.211758328747713,5.71942635012932,5.762568452195701,7.852444460149819,0.4085287070019459,0.535156120138693,-2.7882416712522873
-0.37929620546958004,-1.175161662955557,1.177600285858491,-0.00255237881950382,-1.4271599969485125,-5.954911672433697,0.12070379453041996,1.01092105394889,-0.8700726231338831,-0.9242499681497218,0.789994441921414,-0.9622198903867556,0.6207037945304199,0.42422973270408043,-0.7776554728652749,1.5136633917199718,-3.082789272922588,-1.0762095223143178,1.62070379453042,1.40524742535004,0.7458122859218821,3.2603600557912724,0.2626668301874185,-3.8612931330560114,3.62070379453042,2.818319032513355,3.6023352613254955,1.2147604950440973,3.6523121833747183,10.759247408878153,7.62070379453042,8.113307389342687,7.984309049911128,8.546186502193406,9.760637021041484,14.242159685992558,-0.37929620546958004
-0.7652886726261063,-1.0092565240937574,-0.559150674298804,-0.8624344779223533,1.05311125535901,-16.917926769581012,-0.26528867262610634,-1.1441224082333592,-0.7145356576472147,2.2521871788273042,-9.863655567217778,-4.825733846863409,0.23471132737389366,-0.6535275203702473,-0.6954964319971492,3.417085529859404,-0.6272641512811428,-5.432773239681673,1.2347113273738937,0.806703919075084,0.7775524281014143,0.9389444354071768,0.8690854364644491,9.161554716571128,3.2347113273738937,2.491654398084362,4.035788320373241,2.457638848782738,-0.29938924364990926,14.148308750919975,7.234711327373894,6.803948480242235,6.41652312052315,8.03931079983221,4.354988439103197,4.6886070058545535,-0.7652886726261063
-0.2835563114731596,-0.4101881160499866,0.19767340166611863,-2.1798164294416065,-4.789519327692167,-1.6500469729339264,0.21644368852684043,0.1508548431668974,0.14989310460348088,-0.9129969793279336,-3.3841162191460086,-7.042444714181289,0.7164436885268404,0.8226100412507109,0.4862244628122124,-1.8972287707454605,3.034219769105435,1.1882347957321133,1.7164436885268404,1.2123285053053061,1.9365371221765026,-0.19071477715948298,-6.328177476605699,-10.456887767274797,3.7164436885268404,3.4963863683945324,2.982674633899064,-0.8685767964766913,4.487465619211428,12.641581720961504,7.716443688526841,8.227393733105393,9.460585327940835,4.602821708707023,4.912358561616015,0.8656768439956317,-0.2835563114731596
1.7805976846137104,1.2015201191404525,0.9829033454574452,-1.8400874101256504,8.687960795132335,8.472380391789356,2.2805976846137104,2.4301969439184994,1.627143395923413,3.9478889674125983,1.7244919268490084,13.437943230488758,2.7805976846137104,2.6183856869431485,2.441749000766875,0.020812662109786828,4.905180002757266,-17.57564798787352,3.7805976846137104,3.1260615781508783,2.8313063628851296,2.428055367404932,1.92056479830829,7.155731390125043,5.78059768461371,5.009226943170709,6.210885856521065,2.3897300624853406,3.4599332293298777,11.792637293240007,9.78059768461371,10.125664642038677,9.392160350487114,8.506453096322074,1.9771890071757352,5.8246078647871204,1.7805976846137104
-0.26916598235446737,-0.9025180083352349,0.3598634359584611,3.8346266027349163,-7.198560100246156,16.58567874625415,0.23083401764553263,0.3588905256200365,0.9842581605851748,-0.1929370580496903,-3.6416051396446405,-2.447280180507384,0.7308340176455326,1.2914594180905523,-0.5179990685095293,-1.6086571002729337,-6.436837952642236,-5.812413812048941,1.7308340176455326,1.472143844284457,3.991991408260251,0.7497498164074814,4.6059747843699475,2.180448923220519,3.730834017645533,4.33247106441743,6.042468141227467,7.172834200375894,5.608526727825822,8.51014565377679,7.730834017645533,7.623021441655802,9.063527686905088,7.08283019818971,6.4620469810359396,-7.4474482329650264,-0.26916598235446737
1.1612154787263327,0.8762865287346149,1.0414491901124596,3.8876978790497687,0.9937072077762027,-5.6811221263932055,1.6612154787263327,1.544317726580025,2.2732759511742215,5.0816223633726505,1.3245760984330468,16.730254487464904,2.1612154787263327,2.201299533197825,2.9769203153095742,0.19065683413477097,-3.2844704720757063,14.861899305145595,3.1612154787263327,2.3821558246160635,3.63417770473142,8.122228267029579,4.983973436881773,-12.100876058384426,5.161215478726333,4.745165644986011,5.2543068899082845,3.7063249933143068,10.363216857687124,6.284782283604126,9.161215478726334,8.864663806972144,9.831269006736179,5.322365146360917,12.181402286667868,10.686440939620802,1.1612154787263327
3.1062444670847817,2.6848858293025146,3.9767581069187403,2.3237318402608826,4.3996223476538505,13.946390260624073,3.6062444670847817,3.2640301592182497,3.3608742674482563,3.780965445650376,13.682176364735014,-5.479721552859138,4.106244467084782,3.649469737939341,5.283059359346812,-1.7792083382270674,4.581176503792048,6.9324434841689655,5.106244467084782,5.495243795860641,3.6444235980402793,5.883708055567382,8.592586357648614,10.432213777915399,7.106244467084782,6.852384236110467,4.959880354777189,10.071699019806111,2.9187660577388916,-2.156878774224568,11.106244467084782,11.324691858647707,10.119233055130888,11.769410671139616,5.690428546825554,13.300696783624275,3.1062444670847817
1.1466016098056164,0.377945273834729,2.247304392373354,-0.27001937168876267,0.16651837828023963,14.799850493556269,1.6466016098056164,1.9670820631633001,1.603177213576198,1.8669405358220708,-1.9546926527898034,-2.4040876574986427,2.146601609805616,2.1457630658588958,2.0765709765001894,0.9825821899222338,6.190680211382495,0.7457456907042992,3.146601609805616,3.009465867223276,3.1939826898047476,-0.9446061429881067,1.3120875222122905,4.692986107608271,5.146601609805616,4.623102014610454,6.0922174302139,7.526634303037961,3.707193204696135,5.198290655768514,9.146601609805616,7.721028628450146,10.103177087244795,12.498309710410535,8.007413675236549,13.16957922073586,1.1466016098056164
-0.4367086060267575,-0.2194210513470594,-0.3127004435969252,-0.48264676254154915,1.5040438002573615,12.7158043113249,0.06329139397324252,-0.7225252683402781,-1.2152844618290508,-0.5515486000430716,-0.8421149128057037,-8.89546004462352,0.5632913939732425,1.2451068190184893,0.8995157294667855,0.006365738374945085,-5.6722945898739825,0.8143772907324711,1.5632913939732425,1.8508479181022723,1.196098647404574,1.6188036392179046,-8.883061722694368,-1.3319820975743428,3.5632913939732425,3.705079437909752,2.7191810523343283,3.965535801852742,-0.8438672376863363,-4.838333658153479,7.563291393973243,7.733704830956768,5.535640629042706,11.710830454687002,7.64654869955778,21.055972029634287,-0.4367086060267575
0.3830650730113311,0.1994744123010558,2.1543480511080344,2.336596487687471,-4.432077753828962,-22.727388897019484,0.8830650730113311,1.3357044626269727,0.2742761638299759,2.5451795946439306,-8.109613304369448,3.006784229435201,1.383065073011331,1.8199861260062096,2.027458901224503,1.0562005173317295,1.5204508600479683,2.135939537764749,2.383065073011331,2.5781926797180192,2.618312091739643,2.527445502189722,1.4780356842121476,-11.4621759602094,4.383065073011331,5.082568925994798,2.826532919295255,4.236833233361322,5.695042539682266,10.187129753509037,8.38306507301133,8.224009434111549,6.641432188015465,7.673957148176146,7.58034829718557,10.505812738488167,0.3830650730113311
0.09555497400915487,-0.47380220550505864,0.45423527677239695,-0.4119248565159273,5.611166392902703,7.976210873941663,0.5955549740091549,0.2236785996793484,0.6355998872125826,2.9494856761575488,0.8412487287740672,0.4491902734271263,1.0955549740091548,1.102929454956558,1.500845833963788,-1.1407987286021208,0.6201462035952403,14.577685623949511,2.095554974009155,1.9921246531576053,3.4133389564892864,3.6681221976951903,1.7204532040323555,-7.754335429331086,4.095554974009155,4.038190200384301,3.187519319862184,1.2497601176871898,3.233450562400526,4.682552789884838,8.095554974009154,8.802667183584498,9.843340607400396,8.58484313771952,2.593803771328445,16.137117410937613,0.09555497400915487
0.3315308555558958,1.1159089281891834,0.4938018522173572,-1.0574337809576024,-0.6644165369709056,2.831504749387931,0.8315308555558958,1.3031018064336122,1.3301228796939883,-1.8072347780271412,-3.1692274529757545,-8.022156162423078,1.3315308555558958,0.9775751208817332,2.749927398093542,3.472982379807858,-0.8456420905187501,-5.369571269063076,2.331530855555896,1.8824774883064213,3.537821857488267,-0.7565251307679923,6.824657059222767,-8.132477428928548,4.331530855555895,5.7749369419439756,3.8994795080460096,-0.1469297177980633,0.03185606290144927,8.216651678626267,8.331530855555895,8.202241252448845,6.508755524208432,5.958065842335877,3.6202500714279515,16.65488752509243,0.3315308555558958
-2.0175488267600707,-1.8788138750260037,-1.2912268908480424,-6.025405574848976,-4.346035053046577,-3.48282696005176,-1.5175488267600707,-1.476403253904003,-3.228366312775334,1.356965357131347,-4.152463156990771,10.043195096633713,-1.0175488267600707,-0.9234580404154495,-0.576100141569831,-0.8729350614899254,4.6407297495450885,-7.855484199413344,-0.017548826760070746,0.7188364228604329,0.13006379770738796,-0.46375221475249284,-4.395770734560787,-6.711576961102353,1.9824511732399293,1.7216333775592694,2.5262370633659925,-2.6864546742455824,-4.533556113645857,5.2787318358073225,5.982451173239929,6.457378194273839,4.299762834495934,4.5812299796931395,6.038476287126509,6.191709959921579,-2.0175488267600707
-0.3174044931523403,-0.31136132424687585,-0.9327053899928517,2.0834039079312454,0.5786646985646523,-2.976830817813342,0.18259550684765968,-0.5931819273885743,0.16484008349758272,-0.15090316409918403,2.9172601798507607,-1.5445799951713106,0.6825955068476597,1.0517560908120003,1.1685022403187209,1.1508169513155584,-3.4989897285650304,-8.416557021831347,1.6825955068476597,2.299042417155455,0.27958941254556957,1.819194903841624,5.194710828257965,10.268197882387657,3.68259550684766,3.4595048415643284,3.645612839141097,3.0541903529402763,6.565492669581145,5.687203080729905,7.68259550684766,7.518555751431796,8.136180861599462,7.2509799746865236,2.3581776213027075,7.247753992209417,-0.3174044931523403
-1.6233614735494086,-1.5788995920863875,-0.991568792614456,-1.8770745117133436,2.8562324916951853,6.898430897735409,-1.1233614735494086,-0.6760109320248544,-1.9011049073447535,-2.7104974504499015,-4.77315561104081,-12.811219582864283,-0.6233614735494086,-0.6386818925276202,0.10988459091675673,-2.1723586385302354,0.12244907922388748,9.784393451219268,0.37663852645059137,1.0530019117549059,1.6693268299535573,-2.454308116152707,-1.7892149789843184,10.971295731057333,2.3766385264505914,2.626766563912999,1.9377094523973168,1.7909079302238848,0.04385804369858848,-2.5751343040678902,6.376638526450591,6.231255106208215,3.6040386771820687,8.735808011234852,2.4781952095536823,-2.017930556668107,-1.6233614735494086
3.673444489205886,4.384841661847553,5.229264169639184,5.98353709706374,3.707140335365836,9.419096894736144,4.173444489205886,3.377463422091528,3.645486918331384,2.8588396835387306,3.3623002889018565,-5.3969126804593195,4.673444489205886,5.127349701674049,6.037791265670327,4.156324611520259,9.684765444363464,-6.633780888442816,5.673444489205886,5.421352326548609,5.4782813266456,5.458906758560307,2.5459814929558244,12.570682809968668,7.673444489205886,7.233508611906776,8.213037365181892,5.73947911558435,6.22591710353407,15.057821672274633,11.673444489205886,11.802421348554208,12.346515443748075,15.212508430147757,6.644419490947129,4.111249037419499,3.673444489205886
0.9239488666458631,1.130415027203443,0.5180101878512584,0.25481882324273963,10.308232426003373,1.950665566235659,1.423948866645863,1.086619901336257,0.62014320095806,0.08657685773991175,3.946447734753436,-3.418956250037314,1.923948866645863,0.9673616667230183,2.790439133142618,0.9854875371571045,-3.0083307815366105,5.6827644492724625,2.923948866645863,3.123140144844892,1.9872548138666424,-0.27793059055205327,4.3384414114086445,9.343602718758449,4.923948866645863,5.867737720716581,6.325637477748199,1.490649575088414,4.589157528515378,-0.3241754892420283,8.923948866645864,8.673443309411166,9.54022144968294,6.125554889459493,11.223669792558676,21.011081631616985,0.9239488666458631
1.7193638884683473,0.8044438467300316,2.6125253543230924,3.8713327950631125,4.557567781115015,6.238551075128096,2.2193638884683473,1.7230610471924548,1.2950605932830193,0.9723805597304938,5.384653404531804,2.022542656040472,2.7193638884683473,2.200389444248114,2.640066362681939,4.234271218307282,-3.3162012646208643,-5.178068036637753,3.7193638884683473,3.5780110276226837,3.531993373708161,1.268765116506109,2.419917053232651,-1.6763976292787568,5.719363888468347,5.929766395834345,4.426182142339427,3.0174041502067674,7.0943341569694525,-3.4386158616471203,9.719363888468347,10.030997580886043,9.193383326403698,7.502355272566241,5.9367958277582495,12.5294099252434,1.7193638884683473
2.312552404916822,2.1973327957724176,3.710723954818053,2.6348678828815992,2.309156418089326,15.928638443929065,2.812552404916822,3.221207967914431,3.818768709760437,4.728358250592535,0.8376131795117507,2.3605020718087766,3.312552404916822,3.056137780695436,1.458605465830721,1.8138189157012379,-0.22015536136835712,18.182129962327906,4.312552404916822,4.6678212289622545,4.172667736263435,-0.7312916034215711,0.7893505892903363,9.139208318505991,6.312552404916822,5.92742340472798,5.324573722672702,9.04592227729747,6.326715670787307,-4.626472643741849,10.312552404916822,11.372864212640785,12.985351819228192,11.293538216411473,11.125737792320257,11.634040597029388,2.312552404916822
-1.664734423966518,-1.8115874273365717,-3.2735427102195445,-0.6691667300235162,1.1585230989387414,20.353621403911475,-1.164734423966518,-1.3211537673656761,-2.5370113699452608,-0.951069587518699,1.715080000469043,-3.880133854869212,-0.664734423966518,-0.9346824959323856,-0.36181587169794693,0.7946483188514133,-0.4226425288090587,0.7488835498440505,0.33526557603348195,0.7338767798665633,0.5244330879797166,0.23981333941468885,2.6499133423675687,3.5526272734263795,2.335265576033482,2.7922575897127615,3.7042320587125523,5.820333595806936,8.91315070696971,0.9131301954132907,6.335265576033482,6.987029558821142,5.536026258153633,6.293892463454208,-1.9721373584800634,-2.665501090885689,-1.664734423966518
4.655964642332462,4.891068651688153,3.4947327861397546,9.38382763234831,3.385422939375162,-4.835843912553841,5.155964642332462,4.596363908645114,6.4009582504916125,7.242127378211411,2.117717639786136,9.110960534934431,5.655964642332462,4.91449703712854,5.849011289339874,0.9931694269011313,2.963851874574675,9.19483319147701,6.655964642332462,6.3504264388223834,5.430475524772148,9.592610900008921,10.735411458104737,7.196712770906931,8.655964642332462,8.23743664753475,9.268900843636175,8.061659396492683,6.69210496967762,8.387917826657857,12.655964642332462,12.17972780788093,11.71053722335147,12.965928545155023,7.271987692445679,11.947874673444776,4.655964642332462
-2.9909055253591563,-2.3799528386747957,-5.525158560763943,-3.7996564172980505,-1.1593109344902104,0.633294114008125,-2.4909055253591563,-2.490111367070249,-2.475653105728068,-2.9329380802070633,-1.9826952490232874,4.397704007569395,-1.9909055253591563,-1.2426253545261294,-2.7120147708066993,-0.6577515936564127,-5.872248313451041,-13.003815550866095,-0.9909055253591563,-1.2591512399141802,-0.16693985492632768,-1.2953288146363087,-2.8826549311840304,-29.396748035906565,1.0090944746408437,1.763926450149682,0.7706774466193105,1.8228171849822767,1.3772857344603069,-5.140536422881098,5.009094474640843,4.70762092994349,5.259281689220412,3.1386465752968262,12.4356439372463,3.577979354073299,-2.9909055253591563
-1.9556743999856,-2.6623982982110386,-2.2048646903330775,-5.76491417624291,-2.4117099734164427,4.834623240077105,-1.4556743999856,-1.2592982527119656,-0.24674879941221683,-1.3451099879735229,-5.416328325891347,-7.487759013686011,-0.9556743999856001,-1.6820956446262145,-2.3922346494979103,-2.1605213678479633,3.5848812094972775,-2.9001114107493136,0.04432560001439989,0.0660673545041599,1.094806106474673,-1.827541949014349,0.8853120667903205,-6.711653932256632,2.0443256000143997,1.6084916915360823,2.7293768412563075,8.19139825382101,1.026675044053026,7.817811704018979,6.0443256000144,5.778967729935391,5.877223957421157,6.141714527060902,10.403580475405267,-0.7917003204122162,-1.9556743999856
1.6562836630756719,1.6909086691547697,1.3918146999137762,2.0987977280301906,1.7269243913744834,21.207758281432994,2.156283663075672,2.2448748923027595,3.068564716983783,0.2959407482744507,8.497857810711166,13.169822658868867,2.656283663075672,3.59107660760683,3.626481832807406,2.0607121756429545,5.184916810231557,12.900546552175658,3.656283663075672,3.6222808313666155,4.050727768998424,7.077537217348801,3.024829162652666,-2.951481727964018,5.656283663075672,5.060779221167138,4.77132912668227,2.011280855005393,10.352758722963472,15.319219893761346,9.656283663075673,10.166700225560206,9.959401397074362,14.81678122050526,12.842346081764312,12.885938849180505,1.6562836630756719
2.2650899125762596,2.3348364155525076,1.315426377633343,-0.44201388007550246,3.020854193784259,5.262672058399097,2.7650899125762596,2.9228296823684263,3.8303107425603775,1.4335911230435894,11.417296473775922,-0.47928810273328715,3.2650899125762596,2.810833817349458,1.464302444740668,2.248033566625394,4.487576308726079,0.2338198073423956,4.26508991257626,4.315144419558216,3.324792206374084,5.631810871427881,5.314108108346136,10.994450810062268,6.26508991257626,6.278837156235057,4.805861353059647,9.91381040905842,8.05078020555008,14.513376922491965,10.26508991257626,10.421790934132787,9.938447314327302,11.327514148166197,12.192775441207798,-1.1947506676079414,2.2650899125762596
0.4557209953432712,0.5944806685579205,1.4751784266869101,0.3788672574580041,6.044753044209331,-12.497788724634791,0.9557209953432713,1.7220521601733643,-0.2931961539678645,2.929297187869782,-3.8456992075731344,-7.545412431380391,1.4557209953432713,0.20366332005122806,1.703796764627051,1.4555657680073841,13.486626747118232,14.7972264509845,2.4557209953432713,3.1621080455367494,1.1683021534686269,2.7299262272683444,-0.12196598038080403,7.624923544712188,4.455720995343271,3.910520787798081,2.919591532213034,8.79113526198189,-3.0271622147396435,10.784436384997086,8.45572099534327,7.987391218732902,8.962028007348165,8.229850508531179,12.252316981785068,16.904253281981184,0.4557209953432712
-4.552884169926334,-4.871720754458512,-2.4665239684967495,-5.059523708035244,-6.419076906099196,-7.404061254512005,-4.052884169926334,-3.9178958851036105,-4.420440188756594,-6.621408079310729,-4.913105806581989,-10.175654558476868,-3.552884169926334,-3.661938482395416,-4.34179067067546,-3.412269427682036,-8.128453682124842,-2.2897014587777367,-2.552884169926334,-3.2993027618481743,-4.371272070006995,-5.289155701056946,-4.98644362817413,2.1195556571226337,-0.552884169926334,-0.03430805644798074,-0.5614702403218592,-3.426558119259113,1.9650452934884575,-2.6062068468808572,3.447115830073666,3.5775484891942666,1.2701918597735142,5.05338085767207,3.6333825725804862,0.2596045260148836,-4.552884169926334
1.3175999000643452,0.24617994889259198,-0.47056680877560453,3.405637322223414,2.1138819121075203,-6.8267133630086425,1.8175999000643452,1.504113423258291,1.6132487407309823,0.8122726418771598,5.446586533843419,7.3350635260737915,2.3175999000643452,1.8993909948531882,1.585627846200827,1.837198174584401,3.1292127195832946,13.495560085551148,3.3175999000643452,2.943348938380235,4.931040655433662,2.361213913956506,12.603515102634923,8.267307762851416,5.317599900064345,5.524116141995141,3.924334166699947,5.7013779174228,1.212479910140619,6.557764724280986,9.317599900064344,8.375583388733391,8.697791927462957,5.610840086782447,9.267527902411427,6.3734321031994945,1.3175999000643452
-2.1465722757530052,-2.7073493593151827,-1.011223702868946,-5.0511401476789946,-1.7404792075049151,3.849533972302715,-1.6465722757530052,-1.082342656314661,-3.243700079489651,-3.8493621298244656,3.9059788996874802,-11.469096668757157,-1.1465722757530052,-2.596487013675183,0.11101353628584221,2.74840195339247,0.5154067141354841,3.1820811582742357,-0.14657227575300524,-0.5853810978851508,-0.05268494030385007,-0.6842714737747633,-11.336422444297314,-8.633227654013576,1.8534277242469948,1.1996344358339268,2.7749336799047546,-0.5747024691267959,0.8845166224107124,-3.385445166439273,5.853427724246995,6.436034591229916,6.205910040662337,5.5790686304228885,9.238230377765072,-12.28027370063024,-2.1465722757530052
-1.6659092703645058,-1.1821538931844398,-3.0085971752571075,-3.2591598210006416,-3.8970698415473857,-10.451963245324896,-1.1659092703645058,-0.977436757584601,-2.365763294726081,-2.0855509852745078,-11.358383940035544,-20.510573133136006,-0.6659092703645058,-0.4596532823402275,0.881581466993038,-3.344900724980838,0.5711263693317485,-4.792183599923521,0.33409072963549424,0.4895234144113847,-1.100766782613576,-2.28607182935216,-0.8324461758809771,7.433061045473614,2.334090729635494,2.2805915973819184,3.617735239559747,1.1042989869849962,-5.810101929006472,-2.3348928944441,6.334090729635494,5.763313105691296,5.866485185197512,5.495228272069601,6.079133091996602,13.594129040323118,-1.6659092703645058
1.5498371172894592,1.4618215897236901,0.5636536386905763,3.4420744868289948,-1.1784919308524087,17.69554297978336,2.049837117289459,1.2282916112923,1.9075391179776582,4.432034636250186,2.866108905628714,-5.1681541292943916,2.549837117289459,2.128620762413832,3.0487134722213742,3.726819003406132,1.3170852045080732,0.34752507050018533,3.549837117289459,2.6381427786413036,4.010939607309967,4.017627200765431,-1.0320005400066448,-4.491722159855461,5.549837117289459,6.095629191483227,4.326186004553154,1.8353630555312361,9.140121329490078,-2.6272011806873286,9.54983711728946,9.558762495480035,7.654472443686612,10.523770571124892,11.50152816757571,16.45759223551789,1.5498371172894592
-0.7660406530479876,-0.42488323699531394,-1.518097292957314,-1.1232142721567686,3.5235722667592446,-8.450774219954477,-0.26604065304798763,0.16896881725643254,-0.5309884878729675,1.5594055101004267,-1.2249960490094254,1.4825764212562573,0.23395934695201237,-0.3946679397550348,1.399782678752774,-2.000785130112289,1.4451692389282087,2.296912680526648,1.2339593469520125,0.815990667741673,1.7063103790945737,1.3779200102959468,5.476956044827617,-19.485877627334975,3.2339593469520125,2.9540701720490916,4.305084213885258,4.6147646970795915,3.095803753050617,-1.432532885944802,7.2339593469520125,7.256159181885231,6.803277950259673,12.703018280010046,5.552907250066237,-4.653080143469605,-0.7660406530479876
1.0351534629424106,0.9007276658686063,1.213998504433236,0.2659568635259242,-4.777452524444675,-3.324822104418356,1.5351534629424106,1.4990713425917868,1.648912506246104,1.8007857178264564,2.874606600564239,0.08582254508236997,2.035153462942411,1.5296967603220883,2.407357770811282,6.202363210977161,3.334990842397122,-1.712506810562825,3.035153462942411,2.5838667573320455,3.6048860395323263,5.127191435586846,3.745293090795766,5.763634697631151,5.035153462942411,5.987089903674347,5.48190318128283,4.525811326624637,5.388139246348636,20.81458402266786,9.03515346294241,8.405181143629921,8.610384926246537,9.443021264637867,3.376327299903701,1.1165833603427326,1.0351534629424106
-3.328582267850928,-3.284414537150069,-2.809827370492802,-1.7831677636701257,1.966575967576552,9.149846580615383,-2.828582267850928,-2.4972613911033372,-3.3684799828884397,-2.9538605162336866,-4.949546376812707,9.592025240145809,-2.328582267850928,-1.5491121889293806,-1.008152266795146,-3.0603107260875704,1.9723347907983095,10.974345363938442,-1.328582267850928,-0.8945208640469042,-0.5386133468393473,-2.373907639072241,-6.598609600866687,-5.046108524389655,0.671417732149072,0.39836839425392334,1.0828012650779124,0.03328154198151401,2.6375723252702397,-9.133178743897428,4.671417732149072,4.740466444862532,4.806339143669293,5.194280286826002,3.294340231028243,-2.7284202786221927,-3.328582267850928
-4.620877199162928,-4.101296395123522,-3.293108386449565,-5.638363821354083,-0.37909461939154543,-12.224962174317879,-4.120877199162928,-5.017767627702126,-4.825701688208538,-4.670203495709916,-1.3719444855644092,-14.762074418215656,-3.620877199162928,-3.29721167623749,-2.4567154363986936,-3.890528867986792,-6.9830777641922985,6.372898417678822,-2.620877199162928,-2.441798092962358,-3.641025398619063,-2.7227105038410437,2.811700169688467,0.26644099352669937,-0.620877199162928,-0.347038509289999,-1.405775772221653,0.028052699072476983,0.6376992977595908,9.372118488429015,3.379122800837072,3.516017789574887,2.544521863878348,3.3480088973086435,3.5625792715608675,16.66406115707982,-4.620877199162928
